"2016-3-1234","Krizel","n/a","Luna","Female","Doctor","HSD"
"2016-3-3456","Adam","n/a","Smith","Male","Guidance Counselor","GCD"
"2016-3-5678","Willy","n/a","Ong","Male","Doctor","HSD"
"2016-3-7890","Liezel","n/a","Sabucadalao","Female","Nurse","HSD"
"2016-3-9012","Kwak","n/a","Kwak","Male","Guidance Counselor","GCD"
"2017-3-02736","Johnny","n/a","Sins","Male","Guidance Counselor","HSD"
"2021-1-01625","Farrah","n/a","Bunch","Female","Doctor","HSD"
"2021-1-01827","John","n/a","Doe","Male","Doctor","HSD"
"2021-1-03276","Juan","n/a","Dela Cruz","Male","Guidance Counselor","HSD"
"2021-1-28736","Nympha","n/a","Leyva","Female","Guidance Counselor","HSD"
